full_name,region,signup_date,subscription_type,status
Robin Khan,East,2024-09-04,Basic,Inactive
Megan Macias,North,2026-05-08,Premium,Active
Cassie Andrews,South,2025-05-24,Standard,Active
Benjamin Wells,East,2026-01-16,Basic,Inactive
John Arnold,South,2026-03-10,Standard,Inactive
Levi Lane,West,2025-11-21,Premium,Inactive
Steven Cruz,West,2025-02-15,Basic,Inactive
Laurie Douglas,West,2025-07-16,Standard,Active
Erika Morales,North,2025-05-22,Standard,Inactive
Paul Williams,North,2025-08-06,Premium,Inactive
Alexander Garcia,North,2024-07-05,Premium,Inactive
Charles Wallace,West,2024-07-15,Premium,Inactive
Christina Hansen,West,2024-11-21,Basic,Inactive
Stephanie Williams,West,2025-06-27,Basic,Active
Rodney Davis,West,2026-02-04,Basic,Active
Jeffery Fernandez,South,2026-04-22,Standard,Inactive
Derek Valencia,East,2025-04-23,Basic,Active
Tracy Brooks,South,2026-04-26,Standard,Active
Tonya Burgess,South,2025-10-01,Premium,Active
Melissa Parsons,West,2024-11-22,Premium,Inactive
Patrick Baldwin,South,2025-12-17,Premium,Active
Chelsea Haas,West,2025-03-02,Standard,Active
Philip Chavez,South,2025-11-20,Basic,Inactive
Logan Long,West,2024-07-20,Basic,Inactive
Joshua Cameron,North,2024-11-29,Basic,Inactive
Michael Bennett,North,2024-06-21,Standard,Inactive
Margaret Harrison,South,2025-11-30,Standard,Active
Alicia Gonzalez,West,2025-11-18,Basic,Inactive
Paul Davis,South,2024-10-19,Basic,Active
Douglas Williams,East,2024-09-29,Basic,Inactive
Amy Jacobson,West,2025-10-08,Basic,Active
Jessica Gutierrez,East,2024-09-04,Standard,Active
Donald Taylor,South,2026-04-20,Basic,Active
Lisa Nielsen,West,2025-06-12,Basic,Active
Mary Diaz,South,2026-04-12,Basic,Active
Jessica Lopez,North,2025-02-06,Premium,Inactive
Lee Carpenter,North,2024-11-10,Premium,Inactive
Kristin Phillips,South,2026-06-04,Basic,Inactive
Dr. Matthew Lopez,North,2026-05-11,Premium,Inactive
Sarah White,South,2024-10-02,Standard,Inactive
Lawrence Jones,West,2025-09-18,Standard,Inactive
Michael Patterson,South,2025-11-14,Basic,Inactive
Karen Morales,South,2025-06-01,Standard,Active
James Edwards,North,2026-04-19,Standard,Inactive
Kenneth Cunningham,South,2024-12-22,Basic,Inactive
Adam Harper,East,2025-02-19,Premium,Active
Jeffery Wilson,North,2025-08-26,Premium,Active
Adam Carlson,East,2025-06-09,Premium,Inactive
Edward Bryant,West,2024-11-06,Premium,Inactive
Amy Campbell,West,2025-12-15,Premium,Active
Miguel Mcpherson,East,2024-09-24,Premium,Active
Angela Bush,South,2025-11-20,Premium,Inactive
Amy Haynes,North,2025-02-22,Premium,Active
Lisa Collins,South,2025-03-27,Standard,Active
Richard Vargas,South,2025-11-17,Basic,Inactive
Charles Logan,South,2024-07-02,Standard,Active
Gerald Jackson,South,2024-09-30,Basic,Active
Steven Lee,West,2025-06-27,Standard,Active
Daniel White,West,2024-09-21,Premium,Inactive
Kevin Mack,North,2025-05-06,Premium,Inactive
Sarah Johnson,West,2024-09-20,Standard,Active
Antonio Wilson,South,2025-01-13,Standard,Active
Rachel Wright,North,2024-09-26,Basic,Active
Rebecca Santos,North,2025-08-06,Premium,Active
Nathan Hinton,East,2026-03-01,Standard,Active
Jesus Holmes,South,2025-09-05,Premium,Active
Andrea Williams,East,2026-04-07,Standard,Active
Mary Johnson,East,2025-11-20,Standard,Active
Janet Williams,South,2025-03-29,Premium,Active
Dustin Sweeney,West,2025-11-26,Premium,Inactive
John Smith,East,2025-01-08,Basic,Active
Jonathan Ibarra,East,2026-04-27,Premium,Active
Amanda Brown,West,2025-04-24,Standard,Active
Sherry Hill,West,2025-06-01,Basic,Inactive
Julie Mcknight,East,2024-08-31,Standard,Inactive
Sheila Cunningham,East,2025-07-18,Standard,Inactive
Alex Rodgers,North,2025-05-05,Premium,Active
Cathy Lynn,South,2026-05-12,Standard,Inactive
Shannon Fernandez,West,2025-08-28,Standard,Inactive
Monique Shaffer,West,2024-09-08,Premium,Active
Michelle Jones,East,2025-06-27,Premium,Active
Jacob White,South,2025-02-25,Premium,Inactive
Mr. David Boyd,South,2026-05-31,Premium,Active
Stephen Taylor,East,2025-08-06,Premium,Active
Miranda Francis,North,2026-01-14,Standard,Active
April Gomez,East,2025-01-08,Premium,Inactive
Denise Robertson,West,2026-04-19,Standard,Inactive
Amanda Gonzalez,South,2026-05-12,Basic,Inactive
Jasmine Ramos,East,2026-01-23,Premium,Active
Steven Hess,East,2024-10-24,Standard,Active
Denise Kennedy,North,2025-03-12,Basic,Inactive
Michelle Davenport,North,2024-10-30,Premium,Active
Megan Marshall,West,2024-10-17,Basic,Active
Jason Mccoy,West,2025-11-26,Basic,Active
Crystal Atkinson,East,2025-09-16,Premium,Active
Lindsey Morris,East,2025-07-11,Standard,Inactive
Dr. Matthew Reed,West,2025-12-21,Standard,Inactive
Christian Boyd,North,2025-03-24,Standard,Active
Christian Quinn,East,2026-05-15,Basic,Inactive
Robert Kramer,South,2025-01-19,Basic,Active
Willie Clark,South,2026-01-16,Standard,Inactive
Brittany Shepherd,North,2025-09-21,Premium,Inactive
Leah Riggs,East,2025-06-16,Premium,Active
Kathy Carroll,West,2025-12-21,Premium,Inactive
Mary Elliott,South,2025-12-16,Premium,Inactive
Diamond Morris,South,2024-11-24,Standard,Active
Brian Obrien DVM,East,2026-04-26,Basic,Active
Lindsey Smith,East,2025-03-27,Standard,Active
Cynthia Anderson,East,2024-08-20,Basic,Inactive
Donald Thompson,North,2025-04-08,Standard,Active
Timothy Barker,East,2025-12-07,Basic,Inactive
Brenda Anthony,North,2026-05-19,Premium,Active
Johnny Rodriguez,East,2025-03-12,Standard,Active
Harold Black,East,2026-02-06,Standard,Inactive
Donald Allen,South,2026-05-05,Basic,Active
Kristen Johnson,East,2026-05-15,Standard,Active
Jerry Downs,North,2024-09-24,Premium,Inactive
Anthony Trevino,East,2025-11-22,Standard,Active
Christopher Harris,East,2025-05-25,Basic,Inactive
Brandi Campbell,South,2025-11-17,Premium,Active
Dylan Strickland,North,2026-05-04,Premium,Active
Anthony Meyers,North,2024-07-09,Premium,Inactive
Jacob Carroll,South,2026-05-14,Basic,Inactive
Joseph Hopkins,East,2025-01-31,Basic,Active
Erik Gibson,South,2024-11-14,Basic,Inactive
Mike Castillo,North,2026-03-12,Premium,Active
David Avila PhD,East,2024-06-28,Premium,Active
Ashley Ford,North,2025-10-16,Basic,Inactive
Matthew Miller,South,2024-09-12,Premium,Inactive
Michele Norris,South,2025-01-06,Basic,Active
Jonathan Davis,West,2024-12-08,Standard,Active
Diane Russell,South,2026-05-08,Premium,Inactive
Allen Berry,West,2025-07-15,Standard,Inactive
Carmen Hall,East,2026-01-03,Standard,Inactive
Christine Lynch,South,2024-10-06,Basic,Active
Rachel Walter,North,2026-05-10,Basic,Inactive
Kristen Taylor,South,2025-07-13,Standard,Active
Carrie Price,South,2024-09-17,Basic,Active
Christopher Robinson,West,2024-07-12,Standard,Active
Scott Stephens,East,2026-03-03,Basic,Inactive
Terry Hansen,East,2025-10-01,Standard,Active
Brooke Turner,East,2025-11-29,Premium,Active
Elizabeth Hanson,West,2024-08-20,Basic,Inactive
Matthew Watkins,South,2026-02-10,Standard,Inactive
Jessica Quinn,North,2024-12-16,Basic,Inactive
Bobby Anderson,West,2024-07-15,Premium,Active
Justin Allen,East,2026-02-20,Basic,Active
Richard Rowland,East,2025-02-20,Basic,Inactive
Edward Rodriguez,West,2024-08-01,Premium,Active
Robert Smith,South,2025-06-19,Premium,Active
Rebecca Olson,East,2025-12-31,Standard,Inactive
Luis Armstrong,East,2026-04-29,Basic,Inactive
Chris Morales,North,2025-12-19,Basic,Active
Jennifer Perez,West,2026-05-13,Basic,Inactive
Michelle Weaver,East,2024-08-13,Basic,Active
Jennifer Patton,West,2024-08-07,Premium,Active
Kendra Hall,North,2025-05-27,Premium,Inactive
Elizabeth Perry,East,2025-12-20,Premium,Active
Brenda Gonzalez,East,2025-04-12,Basic,Inactive
Emily Peck,West,2025-09-14,Standard,Active
Michael Obrien,South,2025-06-09,Standard,Active
Amy Jackson,North,2024-07-01,Premium,Active
Scott Grimes,East,2024-11-26,Basic,Inactive
Cassie Gonzalez,East,2025-06-14,Standard,Inactive
Michael Robinson Jr.,West,2026-05-04,Premium,Inactive
Angel Jenkins,West,2026-02-23,Basic,Active
Cathy Macdonald,West,2026-03-17,Premium,Active
Alexandra West,East,2025-12-16,Standard,Inactive
Kevin Lloyd,South,2024-11-15,Premium,Active
David Bartlett,South,2025-02-03,Standard,Inactive
Heather Wheeler,South,2025-03-21,Basic,Active
James Perez,West,2025-02-04,Standard,Active
Brian Adams,South,2024-12-31,Standard,Active
Joseph Salazar,North,2024-12-31,Basic,Inactive
Joshua Romero,West,2026-02-27,Basic,Active
Zachary Dickson,South,2024-11-13,Basic,Active
Daniel Daniel,North,2026-05-02,Standard,Inactive
Christian Ford,West,2024-10-21,Standard,Inactive
Edward Stanley,East,2024-12-01,Premium,Inactive
Jill Clark,East,2025-06-19,Standard,Inactive
Jill Gordon,East,2025-09-30,Basic,Active
Spencer Buchanan,South,2025-02-07,Standard,Active
Edwin Hale,West,2026-03-15,Standard,Active
Lauren Hines,North,2024-07-05,Standard,Inactive
Tristan Ramos,North,2024-12-16,Standard,Inactive
Wayne Martinez,West,2024-11-07,Basic,Active
Kayla Hall,North,2025-06-14,Standard,Inactive
Joseph Brock,South,2025-11-14,Premium,Inactive
Kara Hill,South,2026-04-01,Premium,Inactive
Mallory Brown,West,2024-10-12,Premium,Inactive
Anne Escobar,North,2026-01-15,Premium,Inactive
Michele Payne,South,2024-07-14,Premium,Active
Virginia Jones,East,2024-09-24,Basic,Active
Erik Powell,East,2025-07-25,Premium,Inactive
Benjamin Chen,West,2024-11-20,Basic,Active
Gregory Rich,South,2024-12-01,Premium,Active
Stephanie Wright,East,2025-04-11,Standard,Active
Eric Shields,East,2026-06-08,Basic,Inactive
Joseph Mathews,South,2025-12-25,Standard,Active
Frank Nelson,South,2025-12-01,Basic,Inactive
Karen Stone,West,2025-07-02,Premium,Inactive
Brenda Smith,West,2024-08-03,Basic,Active
Jamie Lopez,West,2025-06-03,Basic,Active
Christopher Mercer,West,2025-01-17,Premium,Active
Spencer Long,West,2024-07-23,Standard,Inactive
Rhonda Jimenez,North,2025-07-13,Premium,Inactive
Kathleen Gutierrez,East,2025-11-09,Standard,Inactive
Brianna Rose,South,2024-10-15,Basic,Inactive
Brandy Lewis,West,2024-07-11,Premium,Inactive
Makayla White,North,2026-02-15,Standard,Inactive
Ronald Padilla,West,2025-07-27,Basic,Active
Thomas Sanders,West,2024-09-07,Basic,Active
Robert Meyer,West,2024-12-22,Standard,Inactive
Martin Roberts,East,2025-03-29,Standard,Inactive
Wendy Hutchinson,North,2025-01-03,Standard,Inactive
Elizabeth Dorsey,West,2024-10-15,Basic,Active
Andrew Roberts,South,2025-07-23,Basic,Active
Brittany Smith,North,2025-07-11,Basic,Active
Matthew Mcdonald,South,2025-10-29,Standard,Inactive
Rachel Zamora,West,2026-05-26,Basic,Active
Raymond Hodges,East,2026-04-28,Premium,Active
Aaron Rose,West,2024-10-24,Standard,Active
Dr. Michael Chung MD,North,2025-10-13,Standard,Inactive
Kelly Ford,East,2025-08-11,Basic,Active
William Conley,North,2025-03-25,Premium,Active
William Moore,East,2025-04-03,Basic,Active
Brian Cook,West,2025-06-18,Basic,Inactive
Hannah Dennis,North,2026-02-04,Basic,Active
Andrea Walker,North,2024-09-03,Standard,Inactive
Mrs. Nicole Smith MD,West,2025-09-10,Standard,Active
Morgan Ross,South,2026-04-07,Basic,Inactive
Jason Wagner,North,2024-08-25,Basic,Active
Meagan Ruiz,North,2025-02-01,Standard,Active
Bryan Lucas,West,2024-09-28,Basic,Inactive
Dr. Teresa Sellers,East,2024-06-24,Premium,Inactive
Robert Sexton,South,2026-06-02,Premium,Active
Clarence Nielsen,West,2025-12-17,Standard,Active
Charlene Stewart,East,2026-06-12,Standard,Inactive
James Salazar,South,2025-06-26,Standard,Active
Joshua Thompson,West,2025-07-15,Basic,Active
Zachary Pratt,South,2025-04-19,Basic,Active
Mr. Jason Williams,East,2024-06-26,Standard,Active
Michelle Miller,West,2025-09-22,Standard,Active
Tony Pacheco,North,2025-12-03,Basic,Inactive
Meghan Schwartz,South,2025-12-27,Standard,Inactive
Jennifer Carroll MD,North,2026-03-27,Premium,Active
Erik Parker,South,2026-04-22,Standard,Inactive
Samantha Powell,East,2026-04-07,Standard,Inactive
Kelly Payne,East,2026-03-16,Standard,Active
Judith Martin,West,2026-01-17,Basic,Active
Ruth Alvarado,East,2025-12-02,Basic,Active
Morgan Davis,South,2025-05-25,Premium,Inactive
Robert Mata,East,2024-08-09,Premium,Active
Chelsea Gonzales,East,2025-11-15,Standard,Inactive
Nancy Campos,South,2025-11-05,Basic,Inactive
Martha Morris,West,2025-08-11,Premium,Inactive
Mark Ramos,South,2025-11-23,Basic,Inactive
Marie Lara,West,2025-09-21,Basic,Inactive
Kimberly Reyes,North,2025-04-09,Premium,Inactive
Carol Rivers,West,2026-02-17,Basic,Active
Donna Taylor,North,2025-12-16,Premium,Inactive
Tyler Gonzales,East,2025-03-02,Standard,Inactive
Matthew Garcia MD,West,2026-04-10,Basic,Active
Heather Cantrell,West,2025-09-23,Basic,Active
Jeremy Smith,East,2026-04-08,Standard,Active
Carlos Davis,North,2025-03-30,Standard,Active
Caitlin Simon,East,2025-06-08,Premium,Inactive
Aaron Torres,North,2025-12-20,Premium,Inactive
Keith Herrera,South,2025-10-29,Premium,Inactive
Jason White,West,2024-09-05,Standard,Inactive
Stacey Ward,East,2024-10-01,Standard,Active
Kristine Donaldson,South,2026-01-11,Premium,Active
Joshua Mcclure,North,2024-11-04,Standard,Inactive
Gerald Brandt,East,2026-01-21,Premium,Inactive
Lauren Miller,North,2025-10-20,Basic,Active
Kimberly Ortega,East,2025-06-22,Basic,Inactive
Christopher Reid,North,2026-05-18,Basic,Active
Benjamin Garcia,East,2025-12-24,Standard,Inactive
Savannah Webb,West,2024-11-10,Basic,Inactive
Teresa Williams,West,2024-10-15,Premium,Active
Paul Kim,West,2025-09-03,Premium,Inactive
Jonathan Sullivan,South,2025-06-17,Basic,Inactive
Scott Chase,East,2025-09-05,Standard,Active
Jonathan Baker,South,2025-01-04,Standard,Inactive
James Shelton,East,2025-04-07,Basic,Inactive
Karen Butler,North,2025-07-27,Premium,Inactive
Michael Harmon,South,2026-02-12,Basic,Active
Alexis Richmond,West,2024-10-09,Premium,Inactive
Scott Malone,South,2025-04-19,Standard,Inactive
Jacob Dennis,West,2025-05-01,Basic,Active
Maria Martinez,North,2024-08-14,Basic,Inactive
James Jenkins,East,2026-04-02,Premium,Inactive
Chelsey Mccoy,East,2024-08-18,Standard,Active
Alan Salazar,West,2025-05-13,Standard,Active
Sara Davies,South,2025-03-03,Basic,Inactive
Joseph Conner,South,2024-12-07,Standard,Inactive
Michael Mosley,North,2024-08-05,Basic,Active
James Schwartz,East,2024-10-24,Basic,Inactive
Justin Alvarez,South,2025-06-19,Premium,Active
James West,South,2026-05-30,Premium,Inactive
Steven Thomas,North,2024-07-17,Standard,Active
Kyle Fitzgerald,East,2026-02-26,Standard,Active
Corey Turner,North,2025-03-24,Premium,Inactive
Shelley Mccullough,East,2024-11-26,Premium,Inactive
Matthew Morrison,East,2026-01-01,Standard,Inactive
Morgan Oliver,South,2026-05-25,Basic,Active
Allison Lynch,East,2025-04-28,Basic,Active
Jasmine Silva,East,2026-05-26,Basic,Inactive
Laura Cortez,East,2026-01-06,Basic,Inactive
Nicole Wells,East,2025-06-17,Standard,Inactive
Austin Johnson,East,2025-02-10,Premium,Inactive
Nicholas Carpenter,South,2025-07-29,Standard,Inactive
Patrick Smith,East,2024-10-25,Premium,Active
Carol Curtis,North,2024-12-16,Premium,Active
Fernando Hansen,North,2026-01-07,Premium,Active
Patricia Zimmerman,North,2024-06-20,Standard,Active
Susan Estrada MD,West,2026-05-26,Basic,Active
Jason Chen,East,2026-04-13,Basic,Active
Dorothy Moore,West,2025-06-03,Basic,Inactive
Carol Zhang,North,2024-08-11,Standard,Active
Angela Henson,North,2025-08-01,Basic,Inactive
Thomas Knox,West,2025-09-11,Basic,Inactive
Melissa Potter,West,2024-12-07,Premium,Active
Ashley Myers,North,2026-01-07,Standard,Active
Angel Jennings,North,2026-05-01,Basic,Active
Julie Jackson,East,2025-04-01,Premium,Inactive
Joshua Cole,West,2025-04-27,Premium,Active
Danielle Herman,North,2026-03-03,Standard,Active
James Coleman,East,2026-03-27,Standard,Active
Michael White,East,2025-12-21,Standard,Inactive
Kayla Lynch,South,2024-10-20,Premium,Active
Matthew Turner,North,2025-04-07,Basic,Active
Teresa Chung,South,2025-12-25,Basic,Inactive
Michael Gonzalez,East,2026-06-05,Standard,Inactive
Amanda Adams,South,2024-09-25,Premium,Active
Jennifer Keller,South,2025-05-20,Standard,Active
Destiny Cooper,North,2025-08-17,Premium,Inactive
Mark Cain,South,2026-03-26,Basic,Active
Steven Whitehead,East,2024-08-03,Basic,Inactive
Dale Blair,North,2025-10-12,Standard,Active
Ronnie Juarez,East,2024-07-13,Premium,Inactive
Amy Richardson,North,2025-01-25,Basic,Inactive
Ashley Miller,North,2024-10-13,Basic,Inactive
Philip Phillips,North,2024-07-05,Premium,Inactive
Derrick Miller,East,2025-10-01,Basic,Active
Kimberly Thomas,West,2025-10-09,Premium,Inactive
John Carpenter,North,2024-07-19,Premium,Inactive
Deanna Hill,East,2025-10-05,Premium,Active
Caroline Flores,South,2024-12-19,Premium,Inactive
Antonio Delgado,East,2026-01-31,Standard,Active
Mark Phillips,North,2024-07-20,Basic,Active
Michael Morris,West,2024-09-24,Basic,Active
Andrea Baxter,West,2025-10-28,Basic,Active
Jonathan Kim,South,2025-06-04,Standard,Inactive
James Griffin,West,2026-03-06,Standard,Inactive
Daniel Campbell,West,2024-08-24,Basic,Inactive
Megan Berg,West,2026-05-26,Standard,Active
Stephanie Bailey,West,2026-01-28,Basic,Active
Jillian Wall,North,2024-08-27,Basic,Active
Latasha Pollard,South,2026-04-22,Basic,Inactive
Michael Armstrong,South,2024-12-10,Basic,Inactive
Brooke Richards,West,2026-03-03,Standard,Active
Dana Nunez,West,2024-09-12,Basic,Inactive
Brian Holmes,East,2025-10-16,Premium,Active
Dakota Smith,South,2025-11-02,Basic,Active
Tiffany Stokes,South,2025-02-01,Basic,Active
Kevin Garcia,East,2024-06-30,Standard,Active
Annette Williams,North,2026-05-03,Basic,Active
Jennifer Hill,South,2025-01-31,Basic,Active
Mr. Stanley Freeman,West,2024-07-13,Basic,Inactive
John Lyons,West,2024-07-16,Standard,Active
Mr. Luke Grant Jr.,East,2024-08-24,Standard,Inactive
Christopher Fletcher,West,2024-06-29,Basic,Active
Amber Mcclain,North,2024-10-05,Basic,Inactive
Tracy Johnson,East,2026-01-09,Standard,Inactive
Michael Edwards,South,2024-09-17,Standard,Active
Linda Horton,East,2024-10-13,Basic,Active
Carlos Luna,North,2026-05-25,Basic,Inactive
Juan Benson,East,2024-07-19,Standard,Active
Kimberly Moore,South,2025-07-09,Standard,Inactive
Monica Dean,North,2025-12-18,Standard,Inactive
Melissa Fleming,West,2024-11-22,Premium,Active
Angela Henry,North,2025-09-29,Basic,Active
Sheila Hunt,North,2024-12-24,Basic,Active
Adam Wright,North,2025-03-14,Basic,Inactive
Christine Holland,South,2024-06-30,Basic,Active
Andrew Gonzalez,South,2025-11-29,Premium,Inactive
William Watson,North,2025-05-05,Standard,Active
Kevin Mcclain,West,2025-11-14,Standard,Active
Jessica Harris,North,2026-01-19,Basic,Active
Robert Harrington,North,2026-05-22,Standard,Active
Katie Bailey,West,2026-05-21,Basic,Active
Scott Lee,West,2025-03-04,Premium,Active
Elizabeth Nguyen,East,2025-09-22,Basic,Active
Jill Brown,South,2026-03-25,Standard,Active
Douglas Leach,North,2024-06-30,Basic,Inactive
Karen Marshall,South,2026-02-22,Premium,Active
Jessica Woods,North,2025-01-29,Standard,Active
Erica Garcia,North,2026-05-16,Basic,Active
Nicole Kim,East,2025-06-17,Premium,Inactive
Robert Baker,West,2025-11-23,Basic,Active
Jacqueline Wheeler,West,2024-07-05,Premium,Inactive
Joshua Adams,North,2025-04-20,Standard,Active
Scott Bentley,East,2026-02-13,Basic,Inactive
Jacob Miller,North,2025-01-03,Basic,Inactive
David Smith,East,2025-03-16,Standard,Active
Patrick Nichols,East,2025-02-18,Standard,Inactive
Lori Davis,South,2026-02-14,Premium,Inactive
James Jones,East,2026-02-21,Premium,Active
Christina Hamilton,East,2025-02-14,Standard,Inactive
Charles Perez,West,2025-11-21,Basic,Active
Miguel Anderson,South,2025-09-22,Basic,Active
Nathan Meyer,South,2025-05-03,Basic,Inactive
Brittany Roberts,West,2025-05-12,Standard,Active
Mr. Christian May,North,2024-11-26,Basic,Active
Charles Moses,West,2024-11-15,Premium,Inactive
Adam Gross,South,2026-03-29,Standard,Active
Julia Smith,West,2025-07-01,Standard,Inactive
Lisa Parks,East,2025-02-08,Premium,Active
Priscilla Carlson,North,2025-09-03,Basic,Inactive
John Lee,South,2025-12-23,Standard,Inactive
Bradley Yang,West,2025-03-16,Standard,Inactive
Rhonda Downs,South,2025-01-02,Premium,Active
Andrew Stafford,East,2026-05-15,Premium,Active
Jennifer Alexander,North,2025-03-31,Basic,Inactive
Shannon Soto,East,2025-12-29,Premium,Inactive
Jesse Garcia,West,2025-07-10,Standard,Active
Christine Figueroa,North,2025-10-18,Basic,Active
Anne Sanford,East,2026-01-27,Premium,Inactive
David King,South,2026-06-03,Basic,Active
Joshua Stewart,East,2025-08-12,Basic,Active
Michelle Walton,West,2026-04-17,Standard,Inactive
Lauren Charles,South,2024-09-05,Standard,Inactive
Matthew Jackson,West,2024-09-28,Basic,Active
Brandy Day MD,East,2025-01-12,Basic,Inactive
Jason Poole,West,2025-05-05,Standard,Inactive
Dawn Wilkerson,North,2026-05-02,Standard,Active
Brandon Leonard,North,2026-01-27,Premium,Inactive
Ryan Adams,South,2025-02-25,Basic,Active
Donna Carroll,East,2025-12-06,Standard,Inactive
Carolyn Holder,West,2025-04-26,Premium,Active
Stephanie Johnson,North,2025-09-03,Premium,Active
John Wagner,North,2025-05-16,Standard,Active
Chad Snyder,North,2024-11-15,Basic,Active
Erica Thomas,East,2024-11-19,Standard,Inactive
Victoria Phillips,North,2025-06-08,Basic,Inactive
Mark Lara,West,2024-12-15,Standard,Active
Devin Serrano,West,2024-07-13,Premium,Inactive
Joyce Phillips,South,2024-10-01,Basic,Active
Shaun Contreras,East,2026-02-15,Premium,Active
Neil Mann,East,2025-03-22,Standard,Active
Shawn Duncan,West,2025-10-24,Standard,Inactive
Kimberly Fischer,East,2025-01-28,Premium,Active
Barbara Silva,North,2025-03-09,Standard,Inactive
Katherine James,South,2024-12-13,Basic,Inactive
Tami Smith,East,2025-02-04,Premium,Active
Jeremy Carter,West,2024-08-11,Standard,Active
Bruce Schmitt,West,2025-03-13,Premium,Inactive
Sharon Kemp,South,2025-07-15,Basic,Inactive
James Smith,North,2025-03-29,Basic,Active
Shannon Hart,West,2025-07-09,Basic,Active
Isaiah Dillon,South,2026-04-21,Premium,Active
Tyler Martinez,West,2025-12-09,Premium,Inactive
Jonathan Brown,South,2024-07-18,Premium,Inactive
Jennifer Rodriguez,West,2025-05-12,Standard,Active
Casey Valentine,West,2026-01-27,Basic,Inactive
Kristie Fuller,North,2025-10-20,Standard,Active
Randall Gates,West,2024-10-12,Premium,Active
Eddie Lawson,South,2025-02-17,Standard,Inactive
Andrea Wilkins,South,2025-08-05,Premium,Inactive
Todd Miller,South,2024-12-15,Basic,Active
Lauren Mack,East,2024-07-04,Premium,Inactive
Briana Luna,East,2024-08-16,Basic,Inactive
Johnny Carpenter,West,2025-04-04,Standard,Active
Monica Middleton,West,2024-06-17,Basic,Active
Erica Williams,West,2025-03-08,Premium,Inactive
Rodney Stewart,East,2025-11-21,Standard,Inactive
Mary Allen,West,2025-02-11,Basic,Active
Christy Hernandez,South,2024-12-13,Standard,Active
Jose Beck,North,2025-04-26,Standard,Active
Scott Elliott,South,2026-03-07,Standard,Active
Nicole Smith,East,2024-09-15,Premium,Inactive
Devin Stewart,North,2026-05-19,Premium,Inactive
Daniel Ball,South,2025-01-23,Basic,Active
Terry Rice MD,North,2025-11-23,Premium,Active
James Lopez,East,2025-06-07,Basic,Inactive
Brian Wagner,South,2026-03-24,Premium,Active
Patrick Nguyen DDS,North,2026-03-08,Standard,Inactive
Heather Lewis,West,2024-07-06,Standard,Active
Joe Key,West,2025-11-09,Basic,Inactive
Theresa Sanders,West,2025-11-30,Basic,Active
Laura Warren,West,2024-09-22,Premium,Inactive
William Dean,West,2025-09-21,Premium,Inactive
Amy Morgan,South,2025-01-20,Basic,Inactive
Rhonda Lambert,West,2025-03-04,Premium,Inactive
Katelyn Rodriguez,North,2025-06-13,Premium,Inactive
Sarah Harper,West,2025-12-19,Premium,Inactive
Mary King,West,2025-11-09,Standard,Active
Cindy Morales,East,2026-04-06,Standard,Active
Richard Clements,North,2024-12-07,Basic,Active
Jennifer Meyer,West,2025-03-28,Premium,Active
Patrick Stewart,North,2024-10-30,Premium,Inactive
Leslie Wells,East,2026-05-22,Basic,Active
William Keller,East,2025-01-14,Basic,Active
Renee Garza,South,2025-04-28,Standard,Active
Joseph Hernandez,West,2025-04-05,Premium,Active
Alexandra Cooper,West,2025-07-03,Standard,Inactive
Amber Sanchez,North,2024-08-05,Basic,Inactive
Timothy Roy,South,2025-09-24,Basic,Active
Andrew Woods,South,2025-10-09,Premium,Inactive
Nicolas White,East,2024-07-11,Standard,Inactive
Amanda Moore,East,2026-06-04,Basic,Inactive
Donna Brown,West,2024-11-14,Standard,Inactive
Megan Espinoza,West,2025-05-07,Premium,Inactive
Krystal Jones,West,2026-05-01,Basic,Inactive
Margaret Olsen,South,2025-05-21,Basic,Active
Amanda Martin,West,2026-03-25,Standard,Inactive
Danny Lawrence,South,2025-04-10,Premium,Active
Dalton Ross,East,2025-08-12,Standard,Active
Michael Payne,East,2026-03-27,Standard,Inactive
Rhonda Romero,North,2026-01-09,Standard,Active
Kimberly Johnson,North,2025-05-20,Standard,Active
Teresa Mitchell,South,2026-03-05,Basic,Inactive
Rebekah Schmidt,West,2025-08-07,Basic,Active
Angel Davis,South,2024-12-24,Standard,Active
Makayla Nguyen,North,2026-02-23,Basic,Inactive
Bryan Miller,South,2024-12-29,Basic,Active
Ryan Mcgee,East,2024-11-29,Standard,Active
Jeremy Daniel,East,2024-10-06,Standard,Active
Luis Hickman,North,2025-06-18,Premium,Inactive
Amanda Jones,West,2024-12-10,Premium,Inactive
Ashley Cook,East,2025-06-04,Basic,Active
Jamie Cochran,East,2025-01-24,Premium,Active
Valerie Hernandez,East,2026-03-14,Premium,Active
Carla Stewart,North,2024-09-24,Premium,Active
Robert Chase,North,2026-02-26,Standard,Active
Laura Campbell,South,2026-04-06,Premium,Active
Sarah Weber,East,2025-09-11,Basic,Inactive
Adam Barnes,East,2024-11-26,Premium,Inactive
Andrew Medina,West,2024-12-15,Standard,Inactive
Nicole Orr,North,2026-02-28,Basic,Inactive
Gregory Castaneda,West,2025-03-27,Premium,Active
Lisa Marshall,South,2025-06-20,Premium,Inactive
Bill Gutierrez,South,2026-02-17,Basic,Inactive
Christopher Higgins,North,2025-08-01,Premium,Active
Thomas Parker,East,2025-10-24,Standard,Active
Rachel Caldwell,South,2025-04-10,Standard,Active
Thomas Morales,South,2025-12-15,Standard,Inactive
Brenda Grant,East,2025-11-04,Premium,Active
Brianna Butler,West,2025-07-02,Premium,Inactive
Austin Kelley,North,2025-02-10,Standard,Inactive
Jose Medina,West,2024-09-27,Basic,Active
Alexa Acosta,North,2025-11-17,Basic,Inactive
Tyler Perry,North,2025-06-01,Basic,Active
Robert Williams,South,2025-11-08,Basic,Active
Andrew Carroll,South,2024-12-20,Premium,Active
Daisy Deleon,East,2025-08-06,Basic,Inactive
Ms. Dana Jones DDS,East,2024-09-01,Premium,Active
Robert Riley,North,2024-06-30,Standard,Inactive
Miguel West,North,2024-08-25,Basic,Active
Jacqueline Stevens,South,2024-11-05,Basic,Inactive
Linda Christensen,East,2025-07-28,Standard,Active
Nicole Perkins,South,2025-09-17,Basic,Active
Caleb Rios,West,2025-05-18,Premium,Active
Antonio Macias,North,2025-08-24,Basic,Active
Adriana White,North,2026-01-16,Premium,Inactive
Brendan Davis,West,2026-01-11,Basic,Active
Veronica Garcia,West,2025-12-10,Basic,Inactive
Michelle Atkinson,South,2025-10-04,Premium,Active
Carol Lopez,West,2025-12-03,Standard,Inactive
Tracy Pearson,South,2025-10-02,Premium,Active
Mary Lewis,North,2025-10-25,Basic,Active
Gary Chavez,North,2025-03-04,Standard,Active
Christine Irwin,North,2025-06-02,Premium,Active
Eric Ritter,South,2026-01-31,Premium,Active
Rachel Hancock,West,2025-10-16,Premium,Active
Nicholas Carr,North,2025-02-25,Basic,Active
Anthony Sullivan,South,2026-02-26,Standard,Active
Jennifer Allen,North,2025-04-27,Standard,Inactive
Cassandra Hudson,West,2025-09-03,Standard,Active
Robert Richardson,East,2026-05-23,Standard,Inactive
Andrew Camacho,West,2025-06-05,Standard,Active
David Garcia,North,2025-09-16,Basic,Active
Ashley Huffman,South,2025-07-15,Standard,Inactive
Donald Camacho,West,2026-05-15,Basic,Active
Belinda Rogers,South,2024-08-25,Premium,Active
Timothy Huff,South,2025-11-19,Standard,Inactive
Carol Long,West,2026-05-09,Basic,Active
Amy Huang,North,2024-09-30,Premium,Active
Roger Perkins,North,2026-04-21,Standard,Inactive
Ruben Smith,South,2025-08-31,Premium,Inactive
Christine Hunter,North,2025-09-04,Standard,Inactive
Leslie Butler,South,2024-12-12,Basic,Inactive
Jason Carr,West,2024-10-09,Premium,Inactive
Carl Green,South,2025-07-08,Premium,Inactive
Danny Potts,North,2024-10-14,Basic,Inactive
Ruben Lynch,North,2024-08-17,Standard,Inactive
Frank Flowers,North,2025-11-23,Premium,Active
Karen Hoffman,East,2024-10-16,Basic,Active
Betty Burke,West,2026-06-10,Standard,Inactive
Manuel Andrews,South,2024-07-29,Premium,Inactive
Lisa Molina,East,2025-11-26,Basic,Active
Antonio Wright,South,2025-10-11,Premium,Active
Michael Chang,West,2024-08-15,Standard,Inactive
Connie Goodman,West,2025-04-25,Basic,Active
Stephanie Garza,East,2025-03-01,Basic,Active
Nicholas Robinson,East,2025-07-09,Standard,Inactive
Oscar Owens,South,2024-12-29,Standard,Active
Monica Gay,West,2024-11-16,Basic,Inactive
James Acosta,West,2025-06-14,Standard,Inactive
Shannon Hanson,East,2025-04-08,Premium,Inactive
Stephen Glover,West,2026-06-04,Premium,Active
Stephen Bell,West,2024-11-01,Standard,Active
Patricia Miller,East,2025-03-29,Basic,Active
Christopher Davis,East,2025-10-07,Basic,Inactive
Sandra Torres MD,West,2025-07-27,Basic,Inactive
Marc Johnson,North,2024-08-21,Standard,Active
Cody Flores,South,2024-10-29,Premium,Active
Andrew Yang,East,2025-12-16,Standard,Active
Nathan Rice,West,2024-07-07,Premium,Inactive
Ryan Marshall,South,2025-04-16,Standard,Inactive
Gina Davis,South,2026-02-24,Basic,Active
Sabrina Davis,East,2025-04-17,Standard,Active
Robin Ortega,West,2024-08-20,Basic,Active
Travis Guzman,West,2024-06-26,Standard,Inactive
Ivan Monroe,East,2025-12-31,Standard,Active
Thomas Williams,North,2025-07-20,Basic,Active
Mary Alexander,North,2025-04-23,Standard,Inactive
Chase Robertson,West,2026-05-14,Basic,Active
Justin Anderson,North,2025-12-15,Basic,Inactive
Kenneth Smith,East,2025-12-02,Basic,Active
Debbie Russell,South,2025-05-18,Standard,Active
Kimberly Shepherd,North,2025-09-27,Basic,Active
Kelly Hawkins,North,2025-01-13,Basic,Active
Scott Barber,West,2025-08-30,Standard,Inactive
Scott Jones,South,2025-06-09,Basic,Active
Brandi Gomez,East,2026-01-19,Standard,Inactive
Faith Cain,South,2025-01-22,Premium,Inactive
Robert Brown,West,2025-07-01,Standard,Inactive
Julie Williams,East,2026-03-07,Premium,Active
Michael Gonzales,East,2024-09-25,Basic,Inactive
Robert Rogers,South,2026-03-30,Basic,Active
Melanie Lowe,West,2024-06-25,Basic,Active
Johnny Mcguire,South,2024-08-01,Premium,Active
Jeff Gutierrez,South,2025-08-03,Basic,Inactive
Ryan Blankenship,South,2025-09-06,Basic,Active
Elizabeth Brock,South,2024-10-10,Basic,Inactive
Sean Rivera,North,2025-05-10,Basic,Inactive
Veronica Hicks,West,2024-09-20,Standard,Active
Chloe Andrews,West,2024-12-09,Standard,Inactive
Samantha Glass,West,2026-02-05,Basic,Active
Lori Murillo,North,2026-04-01,Basic,Inactive
Cody Liu,South,2025-10-27,Basic,Active
William Brown,North,2025-10-29,Premium,Active
Andrew Johnson,East,2024-08-03,Basic,Active
Jeffrey Jenkins,South,2025-03-04,Premium,Active
Jill Bowen,West,2024-10-11,Standard,Inactive
Mrs. Jasmine Griffith MD,North,2026-04-18,Standard,Active
James Trevino,South,2025-02-13,Standard,Active
Kyle West,East,2024-07-27,Basic,Active
Jeff Gutierrez,East,2026-03-26,Standard,Active
Jessica Estes,North,2024-07-26,Basic,Inactive
Erika Lopez,West,2024-07-28,Basic,Inactive
Susan Hart,South,2024-11-08,Basic,Active
Zachary Warren,South,2025-07-05,Standard,Inactive
Shelby Robinson,West,2025-03-04,Basic,Active
David Singh,South,2026-04-26,Standard,Inactive
Travis Glover,North,2025-06-12,Basic,Active
Ronald Pittman,South,2026-06-05,Basic,Active
Rebecca Burton,North,2025-12-08,Premium,Inactive
Joseph King,South,2026-05-31,Basic,Active
Natalie Patterson,South,2024-12-28,Standard,Inactive
Angela Cortez,South,2025-05-30,Basic,Active
Timothy Smith,North,2025-09-20,Basic,Inactive
Eric Rowe,South,2025-03-30,Premium,Active
Joshua Jenkins,East,2025-01-10,Standard,Inactive
Monica Smith,West,2025-01-01,Basic,Active
Jeffrey Roberts,East,2026-06-01,Premium,Active
Mr. Matthew Parker,North,2024-09-15,Standard,Inactive
Lori Burke,East,2024-07-18,Premium,Active
Allison Rodriguez,South,2025-06-29,Standard,Inactive
Heather Webb,East,2026-06-02,Basic,Inactive
Keith Perkins,West,2025-07-26,Premium,Inactive
Christopher Sullivan DVM,North,2025-12-30,Basic,Active
Jessica Castillo,South,2025-02-09,Premium,Inactive
Nicole Larsen,South,2025-12-16,Standard,Inactive
Tina Vaughan,East,2024-09-02,Premium,Active
Lisa Jackson,North,2026-03-07,Basic,Inactive
Jessica Ritter,South,2025-02-17,Premium,Active
David Orr,North,2025-10-05,Basic,Active
Jasmine Murray,West,2025-01-20,Premium,Inactive
Pam Adkins,West,2024-09-25,Basic,Active
Justin Jenkins,South,2025-01-26,Standard,Inactive
Jonathan Taylor,East,2025-12-24,Basic,Active
Daniel Turner,North,2025-01-20,Basic,Active
Cathy Bryant,East,2025-08-22,Standard,Active
Kristina Dunlap,North,2025-05-06,Premium,Active
Reginald Nelson,West,2024-11-14,Basic,Active
Lindsey King,North,2025-05-18,Basic,Active
Patrick Bailey,North,2024-12-17,Standard,Active
Deborah Lam,South,2024-08-23,Premium,Inactive
Jennifer Henderson DDS,North,2026-01-21,Premium,Inactive
Christina Perkins,North,2026-05-22,Basic,Inactive
Dana Lee,South,2026-03-26,Standard,Inactive
Christina Schmidt,North,2025-10-26,Premium,Inactive
Aaron Robinson,East,2024-09-12,Premium,Inactive
Catherine Edwards,West,2024-08-13,Basic,Inactive
Collin Jacobson,West,2025-09-25,Standard,Inactive
Suzanne Smith,East,2025-02-23,Standard,Inactive
Bryan Wilcox,West,2024-12-29,Standard,Active
Jessica Wheeler,North,2025-07-17,Standard,Inactive
Lauren Roberts,South,2025-10-19,Basic,Inactive
Chase Lopez,North,2025-08-03,Premium,Active
Jasmine Carter,North,2024-06-12,Premium,Inactive
Brian Jones,South,2024-07-21,Standard,Inactive
Craig Valdez,West,2025-08-30,Basic,Active
Lisa Petty,West,2025-06-12,Premium,Active
Kayla Sims,West,2024-06-30,Standard,Active
Phillip Smith,South,2025-11-28,Premium,Inactive
Barbara Watkins,East,2024-12-04,Premium,Inactive
Michael Spencer,North,2024-07-09,Premium,Inactive
Rose Lee,East,2025-01-06,Basic,Inactive
Ivan Weeks,West,2025-05-30,Basic,Inactive
Victoria Reynolds,North,2025-05-21,Basic,Inactive
Warren Davis,South,2024-09-17,Basic,Active
Andrea Newman,East,2024-08-13,Basic,Active
Donna Garrett,North,2025-06-28,Basic,Active
Ana Summers,East,2024-08-14,Premium,Inactive
Carlos Perez,West,2026-03-04,Basic,Active
Patricia Williams,East,2025-10-20,Premium,Inactive
Richard Barnes,West,2024-12-15,Premium,Active
John Jones,East,2025-04-19,Premium,Active
Rita Mejia,North,2025-10-14,Basic,Inactive
Jerry Henderson,East,2025-02-13,Premium,Inactive
Kristi Best,East,2025-09-27,Standard,Inactive
Kevin Perez,South,2026-02-22,Standard,Active
Ashley Roman,South,2025-07-08,Basic,Inactive
Cindy White,East,2025-03-11,Standard,Inactive
Brianna Mcdonald,West,2026-01-06,Premium,Inactive
Ashley James,East,2025-11-06,Standard,Inactive
Dustin Stevens,West,2025-08-21,Basic,Active
David Woodward,East,2026-04-30,Basic,Inactive
Julie Lopez,North,2025-02-15,Premium,Inactive
Joseph Morales,West,2025-01-21,Basic,Inactive
Gloria Gutierrez,North,2026-02-05,Basic,Active
Taylor Morales,North,2025-01-25,Standard,Inactive
Pedro Price,East,2026-05-24,Basic,Active
Austin Cooper,West,2025-08-25,Premium,Inactive
Calvin Kim,East,2026-06-01,Basic,Inactive
Caitlin Rivers,East,2026-02-08,Basic,Active
Stephen Jackson,East,2025-10-10,Basic,Active
Amy Russo,South,2025-07-31,Premium,Active
Angela Jones,South,2026-02-28,Premium,Inactive
Mr. Joseph Salinas III,West,2024-09-24,Premium,Inactive
Dawn Anderson,South,2026-06-09,Standard,Active
Michael Mclaughlin,West,2026-02-13,Standard,Inactive
Bob Trevino,East,2026-04-17,Basic,Active
Sara Gonzalez,South,2026-05-07,Standard,Active
Marc Johnson,South,2025-01-29,Standard,Inactive
Kathleen Thornton,South,2025-10-09,Standard,Active
Susan Macdonald,North,2024-11-04,Standard,Active
Joseph Brewer,East,2024-11-19,Basic,Inactive
Lisa Park,North,2025-08-07,Basic,Inactive
Jeff Hall,North,2025-05-17,Premium,Inactive
Peter Lee,North,2026-03-13,Basic,Inactive
Zachary Adams,South,2025-04-16,Premium,Active
Mrs. Sarah Oliver,South,2024-09-07,Standard,Inactive
Jacob Wood,South,2026-04-13,Basic,Active
Natalie Moyer,North,2025-12-16,Basic,Inactive
Christina Gibbs,North,2024-07-06,Basic,Inactive
Miguel Johnson,South,2024-12-03,Basic,Inactive
Christine Turner,North,2025-12-28,Standard,Inactive
Marcus Odonnell,East,2024-07-04,Basic,Inactive
Thomas Sexton,West,2025-12-27,Basic,Active
Joseph Rivera,West,2026-01-07,Premium,Active
Katherine Aguilar,South,2024-10-01,Premium,Active
James Pena,West,2024-06-24,Standard,Active
David Erickson,South,2025-10-19,Basic,Active
Mr. Michael Stone PhD,North,2025-04-07,Standard,Inactive
Anthony Thornton,West,2025-01-29,Basic,Inactive
Kristen Brown,West,2024-11-11,Basic,Active
Michelle Johnston,East,2025-02-19,Basic,Active
Jenna Webb,West,2024-12-09,Standard,Active
Desiree Key MD,North,2025-12-26,Premium,Active
Joseph Black,East,2025-01-30,Basic,Active
Kristen Ball,West,2024-08-22,Premium,Inactive
Spencer Martin,South,2025-05-24,Basic,Active
Cory Fields,South,2024-08-25,Standard,Inactive
Bradley Cooper,East,2025-08-16,Premium,Inactive
Nicholas Armstrong,West,2024-12-14,Basic,Active
Hector Long,West,2025-10-19,Basic,Inactive
Karen Conway,West,2025-09-20,Basic,Active
Joshua Webster,West,2025-02-20,Premium,Inactive
Juan Hamilton,South,2025-06-26,Standard,Inactive
Ashley Watson,South,2024-11-17,Basic,Inactive
Elizabeth Jennings,South,2025-09-28,Basic,Active
Christopher Tucker,South,2024-10-14,Standard,Active
Samuel Olson,North,2025-04-25,Premium,Inactive
Catherine Cunningham,South,2025-05-15,Premium,Inactive
Mary Hicks,West,2026-03-20,Basic,Inactive
Pamela Parker,North,2026-03-01,Premium,Active
Stuart Morrison,West,2025-03-14,Basic,Active
Lynn Harding,East,2025-12-23,Premium,Active
Paul Hill,North,2025-05-27,Premium,Inactive
Douglas Neal,North,2026-04-18,Premium,Inactive
John Parker,West,2026-05-01,Premium,Active
Erika Gonzalez,East,2025-01-05,Standard,Active
Garrett Jones,South,2025-06-17,Premium,Active
Chad Bryan,East,2024-12-17,Premium,Active
Luis Oconnor,North,2026-04-14,Basic,Inactive
Nicole Barnett,North,2024-08-04,Basic,Active
Carrie Berry,East,2025-10-17,Standard,Active
Teresa Ballard,East,2024-08-15,Standard,Inactive
Daniel Rodriguez,North,2024-10-08,Standard,Inactive
Justin Smith,South,2025-08-11,Basic,Inactive
Justin Duncan,East,2024-10-04,Premium,Active
Jessica Dixon,South,2026-05-21,Premium,Inactive
Terri Coleman,West,2024-09-07,Standard,Inactive
Michael Robbins,North,2024-09-06,Standard,Active
Christian Murphy,East,2024-07-08,Basic,Active
Timothy Little MD,West,2025-03-31,Basic,Active
Alvin Terrell,West,2025-01-18,Basic,Inactive
Michael Hester,West,2025-09-03,Basic,Inactive
Dawn Hamilton,North,2024-07-20,Standard,Active
Angel Peck,East,2025-07-08,Premium,Active
John Brown,East,2024-07-11,Basic,Active
James Wilson,West,2025-08-17,Standard,Inactive
Lisa Harris,North,2026-04-10,Standard,Active
Michael Owen,West,2026-05-17,Premium,Active
Samantha Smith,South,2024-09-23,Basic,Inactive
James Williams II,West,2025-03-17,Basic,Inactive
Diana Baldwin,East,2024-09-20,Premium,Inactive
Erica Francis,South,2025-12-29,Basic,Active
Michael Rosales,West,2025-06-14,Standard,Inactive
Mark Lowery,South,2025-05-12,Basic,Active
James Jackson,West,2025-08-30,Standard,Active
Michelle Myers,West,2026-02-16,Premium,Active
Chelsea Young,South,2026-02-20,Basic,Active
Daniel Hernandez,East,2025-04-21,Standard,Inactive
Charles Trujillo,North,2025-01-31,Premium,Active
Karen Mclaughlin,East,2026-03-30,Premium,Inactive
Holly Mason,North,2026-04-02,Premium,Active
Matthew Gutierrez,West,2025-12-15,Premium,Inactive
Mark Hudson,North,2026-02-15,Basic,Inactive
Mallory Nelson,East,2025-12-13,Standard,Inactive
Jamie Williams,South,2025-10-26,Basic,Active
Karen Walker,East,2024-08-14,Basic,Active
Annette Rogers,West,2025-07-23,Basic,Inactive
David Thompson,West,2025-02-23,Basic,Active
Adam Shah,North,2025-07-04,Basic,Active
Cody Cooper,South,2025-05-05,Basic,Active
Edward Atkinson,West,2025-04-09,Premium,Active
Scott Gallegos,East,2024-09-10,Premium,Inactive
Michelle Goodman,West,2025-07-20,Premium,Inactive
Stephanie Aguilar,West,2026-03-10,Premium,Active
Brandon Hernandez,North,2026-06-07,Standard,Inactive
Emily Andrews,West,2025-04-04,Premium,Active
Austin Jones,East,2025-02-07,Basic,Active
Aaron Gomez,West,2025-05-14,Basic,Active
Robert Stevenson,West,2025-06-27,Premium,Active
Deanna Juarez,South,2025-07-08,Premium,Inactive
Cynthia Perez,East,2025-03-12,Premium,Active
Christopher Nelson,South,2025-04-12,Premium,Inactive
Tracey Gutierrez,South,2025-12-11,Basic,Active
Nancy Gutierrez,North,2025-08-31,Premium,Inactive
Gerald Patterson,East,2025-01-02,Standard,Active
Katherine Foster,West,2024-08-25,Premium,Active
Eric Mcbride,North,2026-01-12,Premium,Active
Erin Powell,West,2025-12-20,Premium,Active
Melissa Wagner,East,2025-01-04,Premium,Inactive
Stephanie Anderson,West,2025-03-15,Premium,Inactive
Christopher Griffin,North,2025-01-07,Standard,Active
Linda Hudson,North,2026-05-15,Standard,Active
Nathaniel Guzman,North,2026-04-03,Basic,Active
Jennifer Jacobs,South,2026-03-04,Premium,Inactive
Kristin Farmer,West,2026-02-12,Basic,Active
Terry Stewart,West,2025-05-25,Standard,Active
Shannon Alvarado,East,2026-05-15,Basic,Inactive
Kristen Norris,South,2024-07-04,Standard,Active
Nancy Martin,West,2025-09-02,Premium,Inactive
Jennifer Shaw,West,2025-08-02,Standard,Inactive
Brenda Rose,North,2024-11-30,Standard,Inactive
Danielle Allen,East,2024-11-10,Premium,Active
Sean Davis,South,2025-03-04,Standard,Active
Bryan Elliott,East,2026-04-24,Standard,Active
Nicholas Edwards,West,2025-10-15,Standard,Inactive
Kaitlyn Newman,North,2024-08-17,Basic,Active
Latoya Bishop,East,2024-11-19,Basic,Inactive
Travis Becker,South,2024-09-24,Premium,Inactive
Danielle Buck PhD,West,2024-11-04,Basic,Inactive
Samantha Wright,West,2024-10-19,Basic,Inactive
Christine Peterson,West,2025-04-06,Basic,Active
Kenneth Adams,West,2026-03-06,Basic,Active
Brandon Sanchez,South,2025-02-12,Basic,Active
Maria Day,North,2024-12-14,Basic,Inactive
Danielle Smith,South,2025-01-13,Standard,Active
Brittany Brown,South,2026-02-02,Premium,Inactive
Kevin Cantu Jr.,South,2025-08-13,Basic,Inactive
Debra Lopez,West,2025-04-01,Premium,Active
Joshua Foster,East,2026-03-04,Premium,Inactive
Michelle Gonzalez,South,2025-11-16,Premium,Active
Darrell David,West,2025-10-20,Basic,Active
Susan Martinez,North,2025-06-14,Standard,Inactive
Billy Hensley,West,2024-12-17,Standard,Inactive
Sara Huffman,East,2025-04-21,Basic,Inactive
Christina Lopez,North,2025-01-16,Standard,Inactive
Anita Webb,West,2026-03-24,Premium,Active
Megan Rodriguez,North,2025-04-30,Basic,Active
Steven Hartman,South,2025-07-05,Basic,Active
Travis Adams,North,2026-05-23,Standard,Inactive
Peter Ramos,North,2026-05-24,Basic,Active
Terry Byrd,South,2025-07-02,Premium,Active
Mary Norton,North,2025-01-26,Basic,Active
Matthew Jones,North,2024-12-25,Standard,Active
Tina Fowler,North,2024-12-25,Premium,Inactive
Seth Miles,West,2024-10-06,Basic,Inactive
Michele Nelson,South,2024-08-10,Basic,Inactive
Todd Terry,East,2025-11-08,Basic,Inactive
Johnny Smith,North,2026-05-10,Basic,Active
Debbie Ochoa,West,2025-12-16,Standard,Active
Karen Powell,South,2026-04-05,Basic,Inactive
Mr. Cristian Franklin,East,2025-07-04,Premium,Active
Jack Peters,West,2024-08-18,Basic,Active
Mallory James,East,2025-07-13,Basic,Active
Nicole Smith,East,2025-04-26,Basic,Inactive
Amy Thompson,North,2024-08-07,Basic,Active
Donald Martinez,South,2024-06-18,Premium,Inactive
Joshua Dillon,South,2025-09-09,Basic,Active
Carlos Williams,North,2025-05-04,Standard,Active
Michael Patel,East,2024-10-08,Premium,Active
Michael Garcia,North,2025-12-26,Premium,Active
Stephanie Chapman,North,2024-12-01,Basic,Inactive
David Cross,South,2024-10-16,Standard,Active
Matthew Watson,North,2024-11-30,Standard,Inactive
Alexandra Morse DVM,North,2024-10-11,Premium,Active
Daniel Schroeder,South,2024-09-08,Basic,Active
Ashley Myers,West,2025-03-01,Basic,Active
Andrew Rogers,West,2025-04-08,Premium,Inactive
Amy Simmons,North,2024-08-20,Premium,Inactive
Gabriel Herring,West,2025-04-16,Standard,Inactive
Brandon Estrada,South,2025-09-25,Basic,Inactive
Alexander Garrison,West,2026-04-13,Basic,Active
Brandon Spears,South,2024-09-01,Premium,Active
David Lewis,North,2025-05-01,Premium,Active
Thomas Chambers,East,2025-01-31,Standard,Active
Michelle Jensen,East,2025-02-07,Premium,Active
William Robinson,North,2024-10-06,Basic,Inactive
Erin Bradley,West,2025-08-31,Standard,Inactive
Michael Walker,South,2026-04-18,Standard,Active
Alison Lee,West,2025-01-14,Basic,Inactive
Scott Stein,East,2025-05-11,Premium,Active
Ryan Mueller,West,2024-11-11,Premium,Inactive
Douglas Thomas,North,2026-05-19,Premium,Active
Justin Rangel,South,2024-08-13,Basic,Inactive
Tiffany Jackson,East,2026-05-12,Standard,Inactive
Cynthia Ayers,West,2024-11-21,Basic,Active
Brandon Butler,East,2025-04-23,Basic,Active
Kyle Hester,North,2024-09-18,Standard,Inactive
Victoria Richmond,East,2025-12-19,Standard,Active
Diane Meadows,West,2024-12-02,Basic,Active
Joanna Gardner,East,2024-10-06,Basic,Inactive
David Vang,East,2025-08-08,Basic,Inactive
Ebony Hernandez,West,2025-02-10,Basic,Inactive
Amanda Jensen,North,2024-12-31,Premium,Inactive
Ashley Cohen,North,2024-10-28,Premium,Inactive
Jesse Perry,West,2025-10-31,Standard,Active
Joshua Keller,West,2025-08-01,Standard,Inactive
Christine Smith,North,2024-10-13,Standard,Active
Daniel Santos,North,2026-04-02,Premium,Inactive
Kenneth Perez,West,2024-08-27,Standard,Inactive
Michelle Clark,South,2025-05-10,Standard,Inactive
Ann Kennedy,North,2025-05-01,Basic,Active
Diane Harrington,South,2025-02-17,Standard,Active
Randy Ford,South,2024-09-01,Standard,Active
Ricky Faulkner,East,2024-08-06,Basic,Active
Colleen Garcia,East,2024-12-12,Standard,Inactive
Regina Adams,West,2025-09-28,Standard,Active
Kara Scott,West,2024-07-16,Premium,Inactive
Kaylee Carlson,West,2024-11-28,Standard,Inactive
Cynthia Parker,West,2025-10-05,Basic,Active
Patricia Stewart,East,2024-11-17,Standard,Inactive
Tracy Hunt,West,2025-07-20,Basic,Inactive
Teresa Dean,South,2024-11-18,Basic,Inactive
Sean Marquez,North,2024-06-28,Basic,Active
James Pollard,East,2026-03-31,Basic,Active
Paul Hughes,West,2025-12-05,Basic,Active
Angel Johnson,North,2026-04-30,Premium,Active
Valerie Kim,West,2025-05-15,Basic,Inactive
Meredith Boyer,West,2024-06-18,Standard,Inactive
Carlos Nelson,West,2024-07-16,Standard,Inactive
Mr. Donald Maldonado,West,2025-11-11,Premium,Inactive
Rebecca Bass,South,2025-10-20,Basic,Active
Jamie Richards,North,2025-10-01,Standard,Inactive
David Harper,West,2025-10-18,Basic,Active
Lauren Vasquez,East,2024-08-18,Standard,Active
Elizabeth Murray,East,2024-06-13,Basic,Active
Victor Bates,East,2025-12-13,Basic,Active
Deborah Keller,South,2024-10-27,Standard,Inactive
Katrina Duffy,North,2024-11-14,Basic,Inactive
Jerry Salas,North,2024-11-12,Standard,Active
